epsilon,precision,recall,diversity,novelty,evaluated_users
0.0,0.007269897732325466,0.07408477842003854,0.7983581977481228,19.42852405906519,692
0.1,0.007052642762878288,0.07127071823204421,0.837134890389356,19.331185548595872,724
0.2,0.006471106314447397,0.0643646408839779,0.8548760494539746,20.1162505598812,724
0.3,0.006671314211296758,0.06712707182320443,0.8681051678252106,20.902569113483505,724
0.4,0.006942611522431231,0.06671270718232043,0.8776645416493236,21.702421508962065,724
0.5,0.006340971958157182,0.06348987108655617,0.8885131263129212,21.753989124151136,724
