,precision,recall,ndcg,hit_rate,mrr,coverage,diversity,novelty,evaluated_users,epsilon
User-based CF,0.005346153846153837,0.06063333333333337,0.03398129913686805,0.132,0.01016322904675677,0.11914893617021277,0.010684940536779658,22.605363494051137,1000.0,
Item-based CF,0.0063076923076922945,0.07276666666666663,0.03975221168184225,0.151,0.011955952356747209,0.9914893617021276,0.6730363401439432,22.312285379546278,1000.0,
Hybrid,0.007269897732325466,0.07408477842003854,0.04558733012877339,0.15895953757225434,0.016756805154345696,1.872340425531915,0.7983581977481228,19.42852405906519,692.0,
Hybrid+Epsilon,0.007269897732325466,0.07408477842003854,,,,,0.7983581977481228,19.42852405906519,692.0,0.0
